latitude,longitude,mag,mag2,mag3,mag4,mag5,mag6,mag7,mag8,mag9,mag10,mag11,mag12
-98.683,27.065,-0.00025517,-0.00023803,-0.0002203,-0.00020288,-0.00018581,-0.00016877,-0.00015164,-0.00013476,-0.00011884,-0.00010459,-9.25E-05,0.012042
-98.102,26.938,-6.78E-05,-8.51E-05,-0.00010152,-0.00011661,-0.00012984,-0.00014091,-0.00014974,-0.00015632,-0.00016072,-0.00016313,-0.0001639,0.0040389
-98.068,26.463,0.000406,0.00041104,0.00041256,0.00041094,0.00040638,0.00039916,0.00038984,0.00037912,0.00036755,0.00035542,0.00034296,-0.0027955
-117.11,32.889,-0.0002748,-0.00029301,-0.00030833,-0.00032071,-0.00032986,-0.00033548,-0.00033762,-0.00033684,-0.0003339,-0.00032935,-0.00032329,0
-107.79,32.532,7.01E-05,8.51E-05,9.90E-05,0.00011122,0.00012163,0.00013022,0.00013716,0.00014255,0.00014632,0.00014838,0.00014874,0.0040675
-98.916,32.608,4.15E-05,5.80E-05,7.33E-05,8.69E-05,9.88E-05,0.00010902,0.00011757,0.00012443,0.00012958,0.00013313,0.00013518,0.00095926
-98.079,32.573,-6.96E-05,-2.70E-05,1.49E-05,5.49E-05,9.22E-05,0.00012617,0.00015643,0.0001826,0.00020442,-0.00025517,-0.00023803,0.021431
-97.41,32.557,-4.03E-05,-4.15E-05,-4.21E-05,-4.20E-05,-4.13E-05,-4.02E-05,-3.90E-05,-3.77E-05,-3.64E-05,-6.78E-05,-8.51E-05,0.0089357
-96.53,32.475,0.00015244,0.00014105,0.00012871,0.00011598,0.00010318,9.05E-05,7.83E-05,6.68E-05,5.63E-05,0.000406,0.00041104,-0.0062582
-95.756,32.597,3.90E-05,0.00015111,0.00025906,0.00035959,0.00045057,0.0005307,0.00059924,0.00065581,0.00070044,-0.0002748,-0.00029301,-0.0029493
-95.089,32.66,6.85E-05,-1.39E-05,-9.38E-05,-0.00016922,-0.00023842,-0.00029996,-0.00035273,-0.00039626,-0.00043077,7.01E-05,8.51E-05,0.0076181
-94.393,32.679,-4.05E-05,-4.47E-05,-4.78E-05,-5.00E-05,-5.09E-05,-5.05E-05,-4.86E-05,-4.56E-05,-4.22E-05,4.15E-05,5.80E-05,0.0011301
-93.574,32.641,0.00026624,0.00021829,0.00016998,0.0001231,7.89E-05,3.82E-05,1.53E-06,-3.09E-05,-5.89E-05,-6.96E-05,-2.70E-05,-0.013055
-92.905,32.605,-0.00042738,-0.00039144,-0.00035282,-0.00031329,-0.00027423,-0.00023666,-0.0002015,-0.00016943,-0.00014082,-4.03E-05,-4.15E-05,-0.00076531
-91.946,32.549,-0.00012313,-0.00017148,-0.00021726,-0.0002591,-0.00029591,-0.00032715,-0.00035277,-0.00037302,-0.00038825,0.00015244,0.00014105,0.015236
-91.404,32.703,-0.00020094,-0.00015967,-0.00011781,-7.68E-05,-3.79E-05,-2.12E-06,3.00E-05,5.81E-05,8.23E-05,3.90E-05,0.00015111,-0.012125
-112.81,31.956,2.01E-05,4.07E-05,6.05E-05,7.89E-05,9.55E-05,0.00011021,0.0001229,0.00013356,0.00014219,6.85E-05,-1.39E-05,0.0053111
-98.9,32.018,-0.00012212,-0.00011907,-0.00011555,-0.00011157,-0.00010691,-0.00010152,-9.57E-05,-8.98E-05,-1.41E-04,-4.05E-05,-4.47E-05,-0.01166
-98.137,32.004,-0.00016133,-0.00021207,-0.00025954,-0.00030238,-0.0003395,-0.00037037,-0.00039498,-0.00041367,-0.0004269,0.00026624,0.00021829,0.0099163
-96.531,32,0.00023087,0.00023135,0.00022986,0.00022668,0.00022217,0.0002166,0.00021011,0.00020276,0.00019467,-0.00042738,-0.00039144,0.0088301
-95.808,32.002,0.00019412,0.00017724,0.00015917,0.00014076,0.00012279,0.00010569,8.96E-05,7.46E-05,6.07E-05,-0.00012313,-0.00017148,0.0021198
-95.12,32.003,2.61E-05,8.13E-05,0.0001343,0.00018353,0.0002282,0.00026781,0.00030184,0.00032985,0.00035177,-0.00020094,-0.00015967,0.0031365
-94.471,32.018,8.28E-05,2.94E-05,-2.30E-05,-7.29E-05,-0.00011921,-0.00016138,-0.00019888,-0.00023117,-0.00025775,2.01E-05,4.07E-05,-0.0047578
-93.763,32.039,0.00016011,7.20E-05,-1.49E-05,-9.78E-05,-0.00017438,-0.00024319,-0.00030352,-0.00035515,-0.00039801,-0.00012212,-0.00011907,-0.016448
-92.919,32.023,0.00012262,4.82E-05,-2.45E-05,-9.32E-05,-0.00015596,-0.00021163,-0.00025954,-0.0002996,-0.00033209,-0.00016133,-0.00021207,-0.0033056
-92.152,32.062,0.00039473,0.00036935,0.00034194,0.00031373,0.00028513,0.00025619,0.00022736,0.00019958,0.00017368,0.00023087,0.00023135,0.0016637
-91.483,31.88,-0.00022867,-0.00026931,-0.00030649,-0.00033896,-0.00036604,-0.00038778,-0.00040471,-0.00041735,-0.00042588,0.00019412,0.00017724,0.003294
-98.984,31.325,-0.0001897,-0.000195,-0.00019861,-0.00020057,-0.00020083,-0.0001995,-0.00019696,-0.00019372,-0.00019013,2.61E-05,8.13E-05,0.0014427
-98.238,31.332,-0.00014726,-8.87E-05,-3.11E-05,2.36E-05,7.39E-05,0.00011891,0.00015793,0.00019061,0.00021691,8.28E-05,2.94E-05,-0.0030509
-97.427,31.282,-0.00010599,-0.00012469,-0.0001422,-0.00015829,-0.0001727,-0.00018504,-0.00019492,-0.00020216,-0.00020682,0.00016011,7.20E-05,0.013491
-96.844,31.387,0.00013609,0.00015756,0.00017711,0.00019424,0.00020874,0.00022073,0.00023053,0.00023837,0.00024437,0.00012262,4.82E-05,0.0089228
-95.885,31.316,0.00037417,0.00035848,0.00034005,0.00031984,0.00029842,0.00027617,0.0002536,0.00023137,0.00021015,0.00039473,0.00036935,-0.0095857
-95.311,31.357,0.00028811,0.00024323,0.00019721,0.00015199,0.00010904,6.91E-05,3.26E-05,-4.18E-07,-2.95E-05,-0.00022867,-0.00026931,-0.018877
-94.556,31.333,3.02E-07,4.46E-05,8.73E-05,0.00012708,0.00016293,0.00019443,0.00022149,0.00024404,0.00026198,-0.0001897,-0.000195,-0.020349
-93.89,31.417,-0.00014342,-0.00017283,-0.00019968,-0.00022336,-0.00024359,-0.00026038,-0.00027377,-0.00028375,-0.00029034,-0.00014726,-8.87E-05,-0.007322
-93.168,31.333,-0.00046016,-0.00043545,-0.00040732,-0.00037695,-0.00034535,-0.00031365,-0.00028283,-0.00025337,-0.00022563,-0.00010599,-0.00012469,-0.0056194
-92.325,31.375,0.00022018,0.00012775,3.65E-05,-5.03E-05,-0.00013007,-0.00020133,-0.00026346,-0.00031632,-0.00035984,0.00013609,0.00015756,0.026456
-91.617,31.284,0.00095792,0.0010173,0.0010655,0.0011018,0.0011259,0.0011389,0.0011427,0.0011383,0.0011258,0.00037417,0.00035848,-0.0065862
-99.091,30.754,-7.19E-05,-4.05E-05,-9.52E-06,2.01E-05,4.73E-05,7.15E-05,9.25E-05,0.00011032,0.00012499,0.00028811,0.00024323,-0.0072819
-98.269,30.814,0.0001924,0.00023004,0.00026498,0.00029647,0.00032385,0.0003465,0.00036403,0.00037644,0.00038408,3.02E-07,4.46E-05,-0.0052697
-97.585,30.783,4.19E-05,6.49E-05,8.64E-05,0.00010581,0.00012265,0.0001369,0.00014867,0.000158,0.00016481,-0.00014342,-0.00017283,-0.0098412
-96.796,30.77,0.00016073,0.00021036,0.00025629,0.00029736,0.00033328,0.00036428,0.00039046,0.00041152,0.00042706,-0.00046016,-0.00043545,-0.011939
-96.139,30.829,0.00024705,0.00030792,0.000365,0.00041677,0.00046214,0.00050062,0.00053192,0.00055575,0.00057205,0.00022018,0.00012775,-0.0089243
-95.474,30.75,0.00010064,-5.98E-05,-0.00021556,-0.00036183,-0.00049521,-0.00061347,-0.00071532,-0.00080026,-0.00086843,0.00095792,0.0010173,-0.0039148
-94.766,30.794,7.67E-05,5.74E-05,3.82E-05,1.98E-05,2.45E-06,-1.37E-05,-2.84E-05,-4.14E-05,-5.23E-05,-7.19E-05,-4.05E-05,-0.0067904
-93.959,30.746,0.00022569,0.000164,0.00010241,4.30E-05,-1.28E-05,-6.42E-05,-0.00011031,-0.00015046,-0.0001841,0.0001924,0.00023004,-0.015934
-93.19,30.75,0.00069526,0.00063452,0.00057013,0.00050444,0.00043948,0.00037694,0.00031821,0.00026422,0.00021541,4.19E-05,6.49E-05,-0.0038781
-92.431,30.712,0.00011567,1.31E-05,-8.73E-05,-0.00018219,-0.00026903,-0.00034625,-0.00041303,-0.00046896,-0.00051377,0.00016073,0.00021036,0.0059259
-91.781,30.764,-0.00044411,-0.00043932,-0.0004307,-0.00041888,-0.00040451,-0.00038823,-0.00037052,-0.00035166,-0.00033204,0.00024705,0.00030792,0.011643
-90.746,30.715,-3.51E-05,-0.00010515,-0.00017245,-0.00023461,-0.00029018,-0.00033871,-0.0003801,-0.00041406,-0.00044037,0.00010064,-5.98E-05,0.0036878
-90.338,30.73,-0.00024882,-0.00025613,-0.00026089,-0.0002632,-0.00026339,-0.00026192,-0.00025896,-0.00025447,-0.00024878,7.67E-05,5.74E-05,0.0081684
-99.035,30.072,0.00011835,0.00016403,0.00020706,0.00024625,0.00028076,0.00031009,0.00033404,0.00035264,0.00036617,0.00022569,0.000164,-0.015994
-98.475,30.028,-8.43E-05,-5.43E-05,-2.49E-05,2.79E-06,2.82E-05,5.11E-05,7.14E-05,8.90E-05,0.00010368,0.00069526,0.00063452,-0.00353
-97.571,30.029,-0.00010486,-0.00011248,-0.00011885,-0.00012405,-0.00012808,-0.00013098,-0.00013284,-0.00013382,-0.00013402,0.00011567,1.31E-05,-0.0036464
-97.065,30.076,-0.00015493,-0.00017743,-0.00019812,-0.00021659,-0.00023241,-0.00024526,-0.00025508,-0.00026209,-0.00026658,-0.00044411,-0.00043932,0.012522
-96.316,30.08,0.00024893,0.00038105,0.00050613,0.0006207,0.00072267,0.00081098,0.00088514,0.00094503,0.00099088,-3.51E-05,-0.00010515,-0.013306
-95.49,30.222,0.00031056,0.00031184,0.00030993,0.00030507,0.00029761,0.00028819,0.00027757,0.00026626,0.00025468,-0.00024882,-0.00025613,0.001231
-94.724,30.108,-7.28E-05,-0.00020464,-0.00033169,-0.00045021,-0.00055717,-0.00065063,-0.00072979,-0.00079477,-0.00084622,0.00011835,0.00016403,0.0071546
-93.98,30.209,-0.00034557,-0.00037598,-0.00040204,-0.00042308,-0.00043875,-0.00044926,-0.0004552,-0.00045731,-0.00045616,-8.43E-05,-5.43E-05,-0.0090079
-93.188,30.06,0.00046556,0.00052856,0.00058518,0.00063407,0.00067443,0.00070624,0.00073022,0.00074738,0.00075822,-0.00010486,-0.00011248,0.022928
-92.551,30.125,-9.46E-05,-0.00019011,-0.00028176,-0.00036694,-0.00044365,-0.00051053,-0.00056683,-0.00061245,-0.00064801,-0.00015493,-0.00017743,-0.00075914
-91.856,30.086,-4.13E-05,0.00015662,0.00034835,0.00052834,0.00069247,0.00083771,0.00096214,0.0010653,0.0011477,0.00024893,0.00038105,0.0089925
-91.161,30.11,-0.00093254,-0.0013471,-0.0017395,-0.0020983,-0.002416,-0.0026892,-0.0029167,-0.0030987,-0.0032362,0.00031056,0.00031184,0.0026798
-90.489,30.044,NaN,NaN,NaN,NaN,NaN,NaN,NaN,NaN,NaN,-7.28E-05,-0.00020464,-0.003652
-99.177,29.459,-6.76E-05,-3.91E-05,-1.13E-05,1.49E-05,3.87E-05,5.98E-05,7.81E-05,9.36E-05,0.00010631,-0.00034557,-0.00037598,-0.019883
-98.352,29.381,-3.82E-05,-6.41E-06,2.44E-05,5.33E-05,7.96E-05,0.000103,0.00012322,0.00014026,0.00015406,0.00046556,0.00052856,-0.024268
-97.774,29.388,0.00010993,0.00011371,0.00011657,0.0001185,0.00011938,0.00011919,0.00011799,0.00011588,0.00011301,-9.46E-05,-0.00019011,-0.019994
-97.057,29.481,0.00030761,0.00036937,0.0004257,0.00047548,0.00051824,0.00055371,0.00058172,0.00060245,0.00061665,-4.13E-05,0.00015662,0.018738
-96.332,29.439,-0.00069636,-0.00067069,-0.00064023,-0.00060683,-0.00057179,-0.00053589,-0.00049972,-0.000464,-0.0004295,-0.00093254,-0.0013471,-0.0020046
-95.448,29.419,0.00043375,0.00045261,0.00046755,0.000479,0.00048737,0.00049263,0.00049425,0.00049188,0.00048596,NaN,NaN,NaN
-99.294,28.719,-0.0001558,-0.00018894,-0.00021949,-0.00024679,-0.00027034,-0.00028975,-0.00030503,-0.00031662,-0.00032512,-6.76E-05,-3.91E-05,-0.0078387
-98.558,28.847,-1.35E-05,7.39E-05,0.00015832,0.00023712,0.0003084,0.00037097,0.00042439,0.0004688,0.00050445,-3.82E-05,-6.41E-06,0.010776
-97.808,28.855,-0.00031485,-0.0002916,-0.00026658,-0.00024104,-0.00021589,-0.00019149,-0.00016792,-0.00014543,-0.00012455,0.00010993,0.00011371,-0.0049507
-97.067,28.955,0.00019873,0.00032808,0.00045104,0.00056409,0.00066473,0.00075158,0.00082411,0.00088231,0.00092671,0.00030761,0.00036937,0.0075602
-96.44,28.764,0.00037146,0.00029407,0.00021581,0.00013952,6.73E-05,5.74E-07,-5.97E-05,-0.00011284,-0.00015845,-0.00069636,-0.00067069,-0.0069744
-95.648,28.84,-0.00018937,-0.00030287,-0.00041028,-0.00050879,-0.00059673,-0.00067324,-0.00073781,-0.00079016,-0.00083039,0.00043375,0.00045261,-0.0381
-99.974,28.284,5.98E-05,7.90E-05,9.72E-05,0.00011395,0.00012884,0.00014166,0.00015232,0.00016089,0.00016741,-0.0001558,-0.00018894,-0.0068269
-99.394,28.324,-0.00011801,-0.00016583,-0.00021098,-0.00025214,-0.00028825,-0.00031885,-0.00034407,-0.00036424,-0.00037949,-1.35E-05,7.39E-05,-0.0077759
-98.552,28.125,1.31E-05,-9.42E-05,-0.00019793,-0.0002946,-0.00038152,-0.00045715,-0.00052118,-0.000574,-0.00061598,-0.00031485,-0.0002916,-0.0020001
-97.83,28.287,-0.00024513,-0.00027059,-0.00029376,-0.0003145,-0.00033248,-0.00034719,-0.00035824,-0.00036565,-0.00036976,0.00019873,0.00032808,-0.012132
-99.275,27.613,0.00028943,0.00038313,0.00047113,0.00055102,0.00062093,0.00067977,0.00072746,0.0007647,0.0007924,0.00037146,0.00029407,0.0068694
-98.519,27.602,0.00033898,0.00038033,0.00041715,0.0004487,0.00047444,0.00049423,0.00050834,0.00051729,0.00052159,-0.00018937,-0.00030287,-0.0065617
-97.309,27.421,0.00041363,0.00044912,0.00048023,0.00050646,0.00052694,0.00054084,0.00054811,0.0005496,0.00054652,5.98E-05,7.90E-05,0.0038397
-122.71,48.72,-0.00048204,-0.00048966,-0.00049349,-0.0004938,-0.0004909,-0.0004853,-0.00047738,-0.00046708,-0.00045432,-0.00011801,-0.00016583,-0.01712
-103.11,48.939,-7.39E-05,-0.00016353,-0.0002493,-0.0003288,-0.0004003,-0.00046275,-0.00051561,-0.00055876,-0.00059256,1.31E-05,-9.42E-05,-0.019688
-102.04,48.897,-0.00026673,-0.00026682,-0.00026471,-0.00026063,-0.00025473,-0.00024712,-0.00023804,-0.00022799,-0.00021756,-0.00024513,-0.00027059,-0.0077496
-101.24,48.953,-8.27E-05,-7.19E-05,-6.06E-05,-4.94E-05,-3.88E-05,-2.87E-05,-1.91E-05,-1.02E-05,-2.20E-06,0.00028943,0.00038313,0.0068962
-100.27,48.91,-6.65E-05,2.73E-05,0.00011869,0.00020459,0.00028284,0.000352,0.00041131,0.00046057,0.00049994,0.00033898,0.00038033,0.0022098
-99.232,48.923,-0.000213,-0.0002736,-0.00033006,-0.00038098,-0.00042544,-0.000463,-0.00049362,-0.00051735,-0.00053429,0.00041363,0.00044912,-0.011663
-98.301,48.94,-8.55E-05,-0.00012584,-0.00016358,-0.00019758,-0.00022716,-0.00025222,-0.00027313,-0.00029028,-0.00030376,-0.00048204,-0.00048966,-0.0084448
-97.189,48.932,0.00027485,0.00043354,0.00058364,0.00072052,0.00084085,0.00094266,0.0010252,0.0010891,0.0011357,-7.39E-05,-0.00016353,-0.00076126
-96.493,48.917,-0.00011557,-0.00010444,-9.21E-05,-7.92E-05,-6.63E-05,-5.42E-05,-4.32E-05,-3.37E-05,-2.58E-05,-0.00026673,-0.00026682,0.00028511
-95.39,48.937,0.00067001,0.00061349,0.00055306,0.00049157,0.00043117,0.000373,0.00031772,0.00026613,0.00021933,-8.27E-05,-7.19E-05,-0.0013259
-99.643,32.624,2.25E-05,6.85E-05,0.00011217,0.00015215,0.00018755,0.00021796,0.00024348,0.00026439,0.00028089,-6.65E-05,2.73E-05,0.01196
-122.1,48.264,-0.000227,-0.0002707,-0.00031072,-0.00034599,-0.00037565,-0.00039943,-0.00041773,-0.00043115,-0.00044013,-0.000213,-0.0002736,-0.0025776
-103.16,48.272,0.00010513,9.93E-07,-0.00010064,-0.00019649,-0.00028402,-0.0003617,-0.00042891,-0.0004855,-0.00053147,-8.55E-05,-0.00012584,-0.0073536
-102.23,48.376,-4.71E-05,-0.00012073,-0.00019213,-0.00025935,-0.00032053,-0.0003742,-0.00041959,-0.00045662,-0.00048579,0.00027485,0.00043354,0.022174
-101.26,48.404,-0.00012248,-0.00010113,-7.94E-05,-5.80E-05,-3.74E-05,-1.82E-05,-1.01E-06,1.39E-05,2.63E-05,-0.00011557,-0.00010444,0.011903
-100.36,48.449,-0.00024647,-0.00030119,-0.00035192,-0.00039753,-0.00043732,-0.00047081,-0.00049762,-0.00051768,-0.00053131,0.00067001,0.00061349,0.025834
-99.353,48.465,-2.68E-05,-0.00011737,-0.00020446,-0.00028536,-0.00035788,-0.00042059,-0.00047294,-0.00051524,-0.00054826,2.25E-05,6.85E-05,0.0062383
-98.329,48.45,-3.79E-05,-0.00012097,-0.00020077,-0.00027487,-0.00034159,-0.0003998,-0.00044891,-0.00048888,-0.00052014,-0.000227,-0.0002707,-0.0071671
-97.65,48.424,0.00018418,0.0001105,3.76E-05,-3.21E-05,-9.68E-05,-0.00015567,-0.00020789,-0.00025306,-0.00029109,0.00010513,9.93E-07,-0.0020833
-96.536,48.395,0.00012919,7.77E-05,2.73E-05,-2.03E-05,-6.37E-05,-0.00010226,-0.00013592,-0.00016459,-0.00018811,-4.71E-05,-0.00012073,-0.00038285
-95.588,48.272,0.00038679,0.00014656,-8.85E-05,-0.00031042,-0.00051394,-0.00069597,-0.00085499,-0.0009902,-0.0011012,-0.00012248,-0.00010113,0.0065171
-94.65,48.486,-0.00052957,-0.00039381,-0.00025929,-0.00013081,-1.13E-05,9.77E-05,0.0001954,0.00028102,0.00035352,-0.00024647,-0.00030119,0.011082
-93.726,48.36,-0.00035083,-0.00050821,-0.00065765,-0.00079514,-0.00091754,-0.0010229,-0.0011103,-0.0011801,-0.0012325,-2.68E-05,-0.00011737,0.0077232
-98.15,41.408,-7.96E-05,-8.55E-05,-9.06E-05,-9.48E-05,-9.83E-05,-0.00010113,-0.00010325,-0.0001045,-0.00010486,-3.79E-05,-0.00012097,-0.0058969
-120.89,47.923,-3.60E-05,-5.25E-05,-6.75E-05,-8.06E-05,-9.15E-05,-0.00010018,-0.00010698,-0.00011234,-0.00011662,0.00018418,0.0001105,0.017764
-103.26,47.712,0.00020951,0.00017943,0.00014927,0.0001201,9.25E-05,6.68E-05,4.33E-05,2.23E-05,3.91E-06,0.00012919,7.77E-05,0.0028758
-102.1,47.826,6.08E-07,-0.00013342,-0.00026287,-0.00038385,-0.00049388,-0.00059149,-0.00067571,-0.00074599,-0.0008021,0.00038679,0.00014656,-0.018731
-101.5,47.714,-5.41E-05,-7.40E-05,-9.24E-05,-0.00010868,-0.00012263,-0.00013422,-0.00014351,-0.0001504,-0.00015493,-0.00052957,-0.00039381,-0.013005
-100.39,47.716,5.09E-05,4.74E-06,-4.02E-05,-8.26E-05,-0.00012108,-0.00015498,-0.00018408,-0.00020847,-0.00022843,-0.00035083,-0.00050821,-0.017748
-98.478,47.703,-9.86E-05,-3.12E-05,3.45E-05,9.62E-05,0.00015279,0.00020356,0.00024815,0.00028625,0.00031774,-7.96E-05,-8.55E-05,0.0054861
-97.734,47.793,0.00010824,9.11E-05,7.37E-05,5.67E-05,4.06E-05,2.55E-05,1.11E-05,-2.74E-06,-1.56E-05,-3.60E-05,-5.25E-05,-0.003043
-96.528,47.825,-9.41E-05,-0.000171,-0.00024424,-0.00031188,-0.00037279,-0.00042635,-0.00047193,-0.0005089,-0.00053707,0.00020951,0.00017943,-0.0056819
-95.772,47.759,0.00018721,5.41E-05,-7.57E-05,-0.00019789,-0.00030928,-0.00040812,-0.00049391,-0.00056668,-0.00062651,6.08E-07,-0.00013342,0.0022019
-94.911,47.65,-0.00010407,5.94E-05,0.00021965,0.00037191,0.00051228,0.00063811,0.00074809,0.00084195,0.00091968,-5.41E-05,-7.40E-05,0.014416
-93.976,47.701,4.55E-05,6.47E-05,8.21E-05,9.66E-05,0.00010814,0.00011709,0.00012435,0.00013054,0.00013567,5.09E-05,4.74E-06,-0.0038885
-92.838,47.758,2.51E-05,0.00020933,0.00038662,0.00055146,0.00070047,0.00083199,0.00094517,0.0010394,0.0011145,-9.86E-05,-3.12E-05,0.011354
-92.185,47.728,0.00013938,-1.16E-05,-0.0001589,-0.00029812,-0.00042563,-0.00053903,-0.00063696,-0.00071887,-0.00078507,0.00010824,9.11E-05,0.00036733
-91.273,47.717,-3.50E-06,2.12E-05,4.50E-05,6.67E-05,8.54E-05,0.0001009,0.00011344,0.0001236,0.00013168,-9.41E-05,-0.000171,-0.011802
-90.129,47.817,-0.00013745,-8.77E-05,-3.85E-05,8.41E-06,5.20E-05,9.14E-05,0.00012619,0.00015606,0.00018112,0.00018721,5.41E-05,0.021843
-123.09,47.535,0.00061244,0.00039375,0.00017722,-2.97E-05,-0.00022132,-0.000394,-0.00054563,-0.00067522,-0.00078277,-0.00010407,5.94E-05,0.005116
-122.77,47.179,0.0065768,0.00665,0.0066602,0.0066158,0.0065275,0.0064036,0.0062486,0.0060668,0.005865,4.55E-05,6.47E-05,0.016425
-103.32,47.151,-0.00019658,-0.00016668,-0.00013622,-0.00010642,-7.81E-05,-5.16E-05,-2.73E-05,-5.71E-06,1.31E-05,2.51E-05,0.00020933,0.0014353
-102.44,47.03,0.00026176,0.00022248,0.00018208,0.00014183,0.00010267,6.56E-05,3.17E-05,1.49E-06,-2.48E-05,0.00013938,-1.16E-05,0.0025206
-101.53,47.108,0.00011041,7.25E-05,3.49E-05,-1.10E-06,-3.48E-05,-6.56E-05,-9.33E-05,-0.00011707,-0.00013673,-3.50E-06,2.12E-05,-0.0053646
-100.57,47.193,2.47E-05,5.97E-05,9.32E-05,0.00012441,0.0001527,0.00017782,0.00019954,0.00021754,0.00023153,-0.00013745,-8.77E-05,0.0098981
-99.596,47.06,9.21E-06,0.00012874,0.00024423,0.00035216,0.00044979,0.00053541,0.00060831,0.00066844,0.00071621,0.00061244,0.00039375,-0.0096573
-98.758,47.108,3.08E-05,2.36E-05,1.61E-05,8.67E-06,1.49E-06,-5.31E-06,-1.18E-05,-1.79E-05,-2.33E-05,0.0065768,0.00665,-0.016533
-97.723,47.048,0.0001179,1.63E-05,-8.26E-05,-0.00017554,-0.00026018,-0.00033544,-0.00040092,-0.00045636,-0.00050148,-0.00019658,-0.00016668,0.0022754
-97.016,47.135,-4.93E-06,4.56E-05,9.49E-05,0.00014121,0.00018319,0.00022,0.00025157,0.00027811,0.00029962,0.00026176,0.00022248,0.0039415
-95.845,47.14,9.79E-05,0.00013448,0.00016818,0.00019779,0.00022215,0.00024067,0.00025375,0.00026228,0.00026687,0.00011041,7.25E-05,-0.0061575
-95.195,47.085,-0.00015484,-0.00018664,-0.00021591,-0.00024181,-0.00026364,-0.00028111,-0.00029437,-0.00030382,-0.00030976,2.47E-05,5.97E-05,0.0051414
-94.053,47.081,0.00042511,0.00050794,0.00058497,0.00065438,0.00071434,0.00076363,0.00080228,0.00083126,0.00085169,9.21E-06,0.00012874,-0.0054898
-93.165,47.176,0.00054475,0.00047241,0.00039864,0.00032629,0.00025731,0.00019291,0.00013401,8.15E-05,3.60E-05,3.08E-05,2.36E-05,0.0079648
-92.426,47.158,4.54E-05,0.0001688,0.00028655,0.00039478,0.00049123,0.00057527,0.00064698,0.00070624,0.00075277,0.0001179,1.63E-05,-0.010487
-122.57,46.557,0.0011426,0.0012645,0.0013738,0.0014692,0.0015488,0.0016108,0.0016544,0.0016807,0.001692,-4.93E-06,4.56E-05,0.0071623
-103.4,46.501,-1.95E-06,2.83E-05,5.75E-05,8.46E-05,0.00010904,0.00013056,0.00014911,0.00016467,0.00017715,9.79E-05,0.00013448,-0.005467
-102.46,46.471,-3.12E-05,-1.91E-05,-7.08E-06,4.11E-06,1.40E-05,2.23E-05,2.93E-05,3.52E-05,4.02E-05,-0.00015484,-0.00018664,0.0084762
-101.56,46.429,-0.00013197,-5.59E-05,1.88E-05,8.99E-05,0.00015536,0.00021409,0.00026538,0.00030898,0.00034478,0.00042511,0.00050794,0.0025751
-100.69,46.575,-4.86E-05,4.15E-05,0.00012851,0.00020978,0.00028344,0.00034825,0.00040343,0.00044859,0.00048376,0.00054475,0.00047241,-0.013635
-99.642,46.568,9.16E-05,7.10E-05,5.05E-05,3.09E-05,1.29E-05,-3.13E-06,-1.71E-05,-2.93E-05,-3.99E-05,4.54E-05,0.0001688,-0.0087027
-98.91,46.502,-2.95E-05,-1.98E-06,2.45E-05,4.91E-05,7.11E-05,9.03E-05,0.00010671,0.00012065,0.00013219,0.0011426,0.0012645,-0.00086885
-97.888,46.558,0.00031588,0.00025385,0.00019144,0.000131,7.44E-05,2.27E-05,-2.33E-05,-6.35E-05,-9.77E-05,-1.95E-06,2.83E-05,-0.0041706
-97.07,46.593,0.00020105,0.00035029,0.00049319,0.00062607,0.00074637,0.00085233,0.00094285,0.0010176,0.0010769,-3.12E-05,-1.91E-05,0.0011533
-96.005,46.504,-0.00038915,-0.00037751,-0.00036278,-0.00034594,-0.00032791,-0.00030929,-0.00029012,-0.00027029,-0.00025004,-0.00013197,-5.59E-05,0.0034202
-95.169,46.514,0.00038234,0.00035909,0.00033327,0.00030621,0.00027916,0.00025298,0.00022793,0.00020389,0.00018095,-4.86E-05,4.15E-05,0.0016209
-94.404,46.557,-0.00025446,-0.00022149,-0.00018715,-0.00015314,-0.00012091,-9.10E-05,-6.29E-05,-3.64E-05,-1.17E-05,9.16E-05,7.10E-05,0.0066086
-93.256,46.518,-0.00037906,-0.0005398,-0.00069123,-0.00082926,-0.00095112,-0.0010552,-0.0011408,-0.0012082,-0.0012581,-2.95E-05,-1.98E-06,0.0069937
-92.4,46.566,0.00033083,0.00050274,0.00066568,0.00081511,0.00094782,0.0010622,0.0011576,0.001234,0.0012915,0.00031588,0.00025385,0.00079611
-123.01,46.083,-0.00089243,-0.0010833,-0.0012584,-0.0014136,-0.0015463,-0.0016547,-0.0017386,-0.0017993,-0.0018392,0.00020105,0.00035029,0.00071499
-121.46,45.885,0.00055607,0.00071153,0.00085589,0.00098567,0.001099,0.0011948,0.0012724,0.0013315,0.0013725,-0.00038915,-0.00037751,-0.0041638
-103.46,45.926,4.63E-05,0.0001037,0.00015866,0.00020965,0.00025561,0.00029585,0.00033002,0.00035794,0.00037956,0.00038234,0.00035909,-0.022766
-102.67,45.851,-4.12E-05,-3.32E-05,-2.52E-05,-1.76E-05,-1.04E-05,-3.98E-06,1.48E-06,6.03E-06,9.89E-06,-0.00025446,-0.00022149,0.022765
-102.02,45.873,6.67E-05,2.69E-05,-1.18E-05,-4.84E-05,-8.19E-05,-0.00011181,-0.00013783,-0.00015982,-0.00017776,-0.00037906,-0.0005398,0.0019636
-100.8,45.849,3.17E-05,-2.34E-06,-3.58E-05,-6.77E-05,-9.74E-05,-0.0001241,-0.00014732,-0.00016665,-0.00018207,0.00033083,0.00050274,0.011361
-99.827,45.834,2.95E-05,-8.10E-06,-4.48E-05,-7.96E-05,-0.000112,-0.00014131,-0.00016702,-0.00018875,-0.00020629,-0.00089243,-0.0010833,-0.0072403
-99.025,45.836,-4.11E-05,4.23E-06,4.84E-05,8.99E-05,0.00012802,0.00016212,0.00019207,0.00021782,0.0002393,0.00055607,0.00071153,-0.0087173
-98.252,45.86,-3.59E-05,-6.74E-05,-9.71E-05,-0.00012416,-0.00014825,-0.00016918,-0.00018695,-0.00020154,-0.00021303,4.63E-05,0.0001037,-0.0039803
-97.126,45.87,-0.00040918,-0.00046237,-0.00051025,-0.00055174,-0.00058621,-0.00061359,-0.00063418,-0.00064833,-0.00065628,-4.12E-05,-3.32E-05,0.002498
-96.293,45.84,8.83E-06,6.65E-05,0.00012203,0.00017378,0.00022055,0.00026169,0.00029691,0.00032603,0.00034897,6.67E-05,2.69E-05,-0.0022192
-95.258,45.795,-0.00013121,-0.00015236,-0.00017142,-0.00018801,-0.0002022,-0.00021412,-0.00022374,-0.00023112,-0.0002364,3.17E-05,-2.34E-06,-0.00066816
-94.573,45.858,-0.00011588,-3.64E-05,4.12E-05,0.00011463,0.0001826,0.00024382,0.00029717,0.00034219,0.00037925,2.95E-05,-8.10E-06,-0.0018417
-93.524,45.862,-0.0001697,-0.00022786,-0.00028231,-0.0003316,-0.00037497,-0.00041221,-0.00044327,-0.00046807,-0.00048673,-4.11E-05,4.23E-06,-0.0039516
-123.26,45.212,0.00050064,0.00015891,-0.00017574,-0.00049323,-0.00078654,-0.0010505,-0.001281,-0.0014756,-0.0016345,-3.59E-05,-6.74E-05,0.0022656
-121.32,45.242,0.00054721,0.0008824,0.0012005,0.0014919,0.0017507,0.0019739,0.0021606,0.0023108,0.0024256,-0.00040918,-0.00046237,-0.0082024
-103.42,45.194,-8.97E-05,-9.72E-05,-0.00010371,-0.00010909,-0.00011322,-0.00011605,-0.00011768,-0.00011833,-0.00011811,8.83E-06,6.65E-05,0.003513
-102.6,45.294,4.79E-05,6.51E-05,8.12E-05,9.59E-05,0.00010892,0.00012034,0.00013003,0.00013794,0.00014405,-0.00013121,-0.00015236,-0.020545
-101.93,45.379,8.65E-05,5.67E-05,2.72E-05,-8.22E-07,-2.68E-05,-5.02E-05,-7.09E-05,-8.87E-05,-0.00010344,-0.00011588,-3.64E-05,-0.003482
-100.92,45.075,-0.00014973,-0.00017521,-0.00019862,-0.00021945,-0.00023736,-0.00025216,-0.00026383,-0.00027246,-0.00027825,-0.0001697,-0.00022786,-0.0096087
-99.923,45.193,-8.41E-05,-9.04E-05,-9.60E-05,-0.00010073,-0.00010462,-0.00010744,-0.00010901,-0.00010924,-0.00010825,0.00050064,0.00015891,-0.010327
-99.145,45.129,-8.00E-05,-7.50E-05,-6.95E-05,-6.36E-05,-5.76E-05,-5.17E-05,-4.62E-05,-4.09E-05,-3.59E-05,0.00054721,0.0008824,-0.014574
-98.208,45.225,4.01E-05,9.34E-05,0.00014463,0.00019215,0.00023471,0.00027155,0.00030252,0.00032776,0.00034756,-8.97E-05,-9.72E-05,0.003958
-97.499,45.255,0.00029882,0.00026766,0.00023507,0.00020242,0.00017084,0.00014113,0.0001137,8.87E-05,6.64E-05,4.79E-05,6.51E-05,0.0021168
-96.438,45.195,-5.85E-05,-1.28E-05,3.15E-05,7.29E-05,0.00011059,0.00014434,0.00017396,0.00019905,0.00021916,8.65E-05,5.67E-05,0.0070573
-95.638,45.242,-0.00036987,-0.00036902,-0.00036486,-0.00035786,-0.00034834,-0.00033687,-0.00032415,-0.00031064,-0.00029657,-0.00014973,-0.00017521,-3.31E-05
-94.486,45.22,-3.43E-05,8.20E-05,0.00019512,0.0003015,0.0003981,0.00048302,0.00055563,0.00061606,0.00066465,-8.41E-05,-9.04E-05,-0.0076612
-93.751,45.234,-0.00035092,-0.00033411,-0.00031461,-0.00029333,-0.0002709,-0.00024798,-0.00022545,-0.00020412,-0.00018446,-8.00E-05,-7.50E-05,-0.0031477
-122.74,44.523,0.0013931,0.0013764,0.0013467,0.0013071,0.0012602,0.0012081,0.0011528,0.001096,0.0010392,4.01E-05,9.34E-05,-0.0053275
-110.58,44.395,-2.23E-05,-4.44E-05,-6.59E-05,-8.62E-05,-0.00010464,-0.00012111,-0.00013543,-0.00014758,-0.00015757,0.00029882,0.00026766,-0.0045523
-103.6,44.621,1.41E-05,-2.31E-06,-1.84E-05,-3.35E-05,-4.76E-05,-6.04E-05,-7.17E-05,-8.13E-05,-8.91E-05,-5.85E-05,-1.28E-05,0.0070547
-102.77,44.617,3.90E-06,1.84E-05,3.23E-05,4.54E-05,5.72E-05,6.75E-05,7.62E-05,8.35E-05,8.95E-05,-0.00036987,-0.00036902,0.0048492
-102.08,44.633,2.86E-05,-1.07E-05,-4.88E-05,-8.44E-05,-0.00011682,-0.00014583,-0.00017119,-0.00019262,-0.00020984,-3.43E-05,8.20E-05,-0.004685
-101.02,44.675,7.12E-05,5.02E-05,2.96E-05,1.02E-05,-7.60E-06,-2.37E-05,-3.81E-05,-5.07E-05,-6.16E-05,-0.00035092,-0.00033411,-0.016168
-100.21,44.626,5.71E-05,5.62E-05,5.49E-05,5.32E-05,5.11E-05,4.87E-05,4.63E-05,4.38E-05,4.15E-05,0.0013931,0.0013764,-0.0081561
-98.477,44.48,4.75E-05,2.91E-05,1.08E-05,-6.78E-06,-2.30E-05,-3.78E-05,-5.08E-05,-6.20E-05,-7.12E-05,-2.23E-05,-4.44E-05,-0.0045329
-97.436,44.504,0.0001394,7.26E-05,6.92E-06,-5.55E-05,-0.00011298,-0.00016465,-0.00020992,-0.00024854,-0.0002806,1.41E-05,-2.31E-06,0.0019542
-96.743,44.681,-0.00016129,-0.00014881,-0.00013565,-0.00012259,-0.0001101,-9.83E-05,-8.70E-05,-7.63E-05,-6.64E-05,3.90E-06,1.84E-05,-0.0023829
-95.777,44.667,-0.00017963,-0.00019264,-0.00020367,-0.00021275,-0.00021999,-0.0002255,-0.00022927,-0.00023129,-0.00023162,2.86E-05,-1.07E-05,-0.0077279
-94.831,44.699,-1.46E-05,-0.00012786,-0.00023663,-0.00033761,-0.00042881,-0.00050928,-0.00057845,-0.00063581,-0.00068107,7.12E-05,5.02E-05,-0.002435
-93.928,44.578,-0.00021974,-0.00014693,-7.53E-05,-7.19E-06,5.56E-05,0.00011196,0.00016178,0.00020517,0.000242,5.71E-05,5.62E-05,0.0031283
-92.918,44.581,2.65E-05,4.06E-05,5.37E-05,6.53E-05,7.51E-05,8.33E-05,9.00E-05,9.53E-05,9.88E-05,4.75E-05,2.91E-05,-0.0064507
-123.85,44.106,0.0028615,0.0031572,0.0034186,0.0036425,0.0038272,0.0039704,0.0040701,0.004127,0.0041457,0.0001394,7.26E-05,-0.0052424
-123.35,43.697,0.00063625,0.00086347,0.0010774,0.0012721,0.0014433,0.0015894,0.0017105,0.0018073,0.0018798,-0.00016129,-0.00014881,-0.0090721
-122.41,43.794,0.00034396,0.00032164,0.00029811,0.00027446,0.00025067,0.00022667,0.00020281,0.00017997,0.00015913,-0.00017963,-0.00019264,-0.004291
-121.34,44.339,-0.00068336,-0.00061003,-0.00053238,-0.00045275,-0.00037404,-0.00029912,-0.00023007,-0.0001679,-0.00011259,-1.46E-05,-0.00012786,0.00015799
-103.73,44.02,-4.51E-05,-3.47E-05,-2.42E-05,-1.38E-05,-3.87E-06,5.35E-06,1.37E-05,2.09E-05,2.71E-05,-0.00021974,-0.00014693,0.0091922
-102.86,44.031,7.21E-07,-4.18E-06,-8.85E-06,-1.32E-05,-1.69E-05,-2.00E-05,-2.24E-05,-2.40E-05,-2.50E-05,2.65E-05,4.06E-05,-0.0058408
-102.05,44.069,-2.60E-05,-7.91E-05,-0.00013027,-0.00017805,-0.00022133,-0.00025942,-0.00029186,-0.00031842,-0.00033914,0.0028615,0.0031572,-0.0059954
-101.17,44,-0.0001471,-0.00011081,-7.48E-05,-4.03E-05,-8.05E-06,2.15E-05,4.79E-05,7.10E-05,9.08E-05,0.00063625,0.00086347,0.0074951
-100.3,44.022,3.57E-05,4.21E-05,4.80E-05,5.31E-05,5.74E-05,6.09E-05,6.40E-05,6.67E-05,6.92E-05,0.00034396,0.00032164,-0.0096271
-99.426,43.914,-2.18E-05,2.31E-05,6.66E-05,0.00010737,0.0001444,0.00017722,0.00020558,0.0002294,0.00024862,-0.00068336,-0.00061003,-0.0066869
-98.535,44.03,-0.00018303,-0.00016556,-0.00014714,-0.00012858,-0.0001104,-9.28E-05,-7.60E-05,-6.02E-05,-4.56E-05,-4.51E-05,-3.47E-05,-0.0025212
-97.464,44.027,6.98E-05,6.17E-05,5.29E-05,4.36E-05,3.41E-05,2.48E-05,1.58E-05,7.29E-06,-7.56E-07,7.21E-07,-4.18E-06,-0.0076712
-96.799,44.047,0.000129,0.00013206,0.00013381,0.00013444,0.00013407,0.00013264,0.00013005,0.00012642,0.00012211,-2.60E-05,-7.91E-05,-0.0072965
-95.86,44.039,0.00010183,6.07E-05,2.01E-05,-1.86E-05,-5.46E-05,-8.72E-05,-0.00011616,-0.00014083,-0.00016099,-0.0001471,-0.00011081,0.0070907
-94.983,43.856,-0.00016992,-0.00020337,-0.00023412,-0.00026149,-0.00028517,-0.00030512,-0.00032144,-0.00033406,-0.00034277,3.57E-05,4.21E-05,-0.0079954
-94.014,44.019,0.0001667,8.26E-05,3.16E-07,-7.71E-05,-0.00014761,-0.00021017,-0.00026467,-0.0003113,-0.00034996,-2.18E-05,2.31E-05,0.0074541
-93.4,44.015,-0.00040957,-0.0003946,-0.00037593,-0.00035428,-0.0003303,-0.00030507,-0.00027995,-0.00025602,-0.00023356,-0.00018303,-0.00016556,-0.014903
-92.331,44.041,0.00070875,0.0007391,0.0007619,0.0007772,0.00078525,0.00078669,0.00078245,0.00077356,0.00076067,6.98E-05,6.17E-05,0.00061074
-123.93,43.161,-0.001273,-0.0018648,-0.0024246,-0.0029373,-0.0033924,-0.0037836,-0.0041079,-0.0043658,-0.0045602,0.000129,0.00013206,0.0019227
-122.11,43.24,0.00041044,0.000454,0.00049279,0.00052581,0.00055188,0.00057022,0.00058105,0.00058566,0.00058574,0.00010183,6.07E-05,-0.010849
-121.23,43.285,0.00052984,0.00057068,0.0006054,0.00063336,0.00065394,0.00066703,0.00067333,0.00067412,0.00067072,-0.00016992,-0.00020337,-0.0065539
-103.8,43.39,-0.00011561,-0.00011653,-0.00011646,-0.00011558,-0.00011393,-0.0001115,-0.00010834,-0.00010467,-0.00010071,0.0001667,8.26E-05,-0.0039783
-103.08,43.313,5.75E-05,6.87E-05,7.89E-05,8.80E-05,9.56E-05,0.00010163,0.0001063,0.00010968,0.00011184,-0.00040957,-0.0003946,0.0061852
-102.01,43.253,-2.59E-05,9.33E-06,4.35E-05,7.52E-05,0.00010382,0.00012879,0.00015002,0.00016754,0.00018142,0.00070875,0.0007391,0.007236
-101.24,43.424,-5.43E-05,-5.32E-05,-5.17E-05,-4.98E-05,-4.78E-05,-4.57E-05,-4.36E-05,-4.15E-05,-3.94E-05,-0.001273,-0.0018648,-0.013844
-100.33,43.406,8.36E-05,8.66E-05,8.87E-05,9.01E-05,9.09E-05,9.11E-05,9.08E-05,8.98E-05,8.82E-05,0.00041044,0.000454,-0.0081996
-99.492,43.325,-4.86E-06,-1.44E-05,-2.33E-05,-3.15E-05,-3.87E-05,-4.50E-05,-5.03E-05,-5.47E-05,-5.81E-05,0.00052984,0.00057068,0.0090689
-98.74,43.291,-2.98E-05,-1.89E-05,-8.13E-06,2.28E-06,1.20E-05,2.07E-05,2.82E-05,3.43E-05,3.91E-05,-0.00011561,-0.00011653,-0.0030155
-97.848,43.372,4.13E-05,2.40E-05,6.65E-06,-9.87E-06,-2.50E-05,-3.87E-05,-5.08E-05,-6.14E-05,-7.05E-05,5.75E-05,6.87E-05,6.45E-05
-96.967,43.319,7.06E-06,1.19E-05,1.65E-05,2.09E-05,2.47E-05,2.79E-05,3.04E-05,3.25E-05,3.46E-05,-2.59E-05,9.33E-06,-0.007983
-95.958,43.284,5.45E-05,3.10E-05,7.90E-06,-1.41E-05,-3.45E-05,-5.30E-05,-6.96E-05,-8.42E-05,-9.66E-05,-5.43E-05,-5.32E-05,-0.005716
-95.208,43.365,0.00021899,0.00025473,0.00028725,0.00031571,0.00033952,0.00035854,0.00037292,0.00038295,0.00038893,8.36E-05,8.66E-05,-0.0034236
-94.34,43.329,-8.10E-05,-4.72E-05,-1.42E-05,1.68E-05,4.50E-05,7.03E-05,9.28E-05,0.00011248,0.00012918,-4.86E-06,-1.44E-05,0.0047317
-93.553,43.31,0.00039853,0.00048866,0.00057208,0.00064658,0.00071099,0.00076508,0.00080876,0.00084185,0.00086455,-2.98E-05,-1.89E-05,-0.0048493
-92.475,43.319,-0.00014771,-0.00018134,-0.00021206,-0.00023918,-0.00026238,-0.00028151,-0.00029643,-0.00030706,-0.00031368,4.13E-05,2.40E-05,-0.0069832
-123.67,42.696,0.00052396,0.0001424,-0.00022896,-0.00057746,-0.00089497,-0.0011777,-0.001424,-0.0016328,-0.0018028,7.06E-06,1.19E-05,0.0077112
-121.75,42.625,-0.00032078,-0.00031395,-0.00030537,-0.00029566,-0.00028553,-0.00027532,-0.00026476,-0.00025347,-0.0002417,5.45E-05,3.10E-05,-0.0011481
-106.52,42.651,-6.22E-05,-8.07E-05,-9.79E-05,-0.00011316,-0.00012605,-0.00013646,-0.00014464,-0.0001509,-0.00015548,0.00021899,0.00025473,-0.0012834
-101.37,42.714,-3.39E-05,-6.11E-06,2.10E-05,4.66E-05,7.01E-05,9.11E-05,0.00010954,0.00012519,0.00013816,-8.10E-05,-4.72E-05,0.0047078
-100.32,42.761,-0.00013833,-0.00013222,-0.00012522,-0.00011771,-0.00010992,-0.00010204,-9.42E-05,-8.67E-05,-7.97E-05,0.00039853,0.00048866,0.0049825
-99.613,42.674,4.23E-05,3.73E-06,-3.38E-05,-6.90E-05,-0.0001012,-0.00012978,-0.00015443,-0.0001749,-0.00019126,-0.00014771,-0.00018134,-0.0096883
-98.755,42.623,-1.64E-05,-3.01E-05,-4.33E-05,-5.58E-05,-6.74E-05,-7.79E-05,-8.73E-05,-9.54E-05,-0.00010204,0.00052396,0.0001424,-0.0087476
-97.972,42.66,5.29E-05,-2.51E-06,-5.63E-05,-0.00010685,-0.00015332,-0.00019522,-0.00023211,-0.00026352,-0.00028921,-0.00032078,-0.00031395,-0.0037976
-97.001,42.605,3.14E-05,7.92E-05,0.00012508,0.00016739,0.0002053,0.00023861,0.00026724,0.00029093,0.00030949,-6.22E-05,-8.07E-05,0.0079718
-96.096,42.687,0.00013629,0.0002133,0.00028645,0.00035364,0.00041351,0.00046537,0.000509,0.00054436,0.00057146,-3.39E-05,-6.11E-06,-0.00096435
-95.233,42.722,0.00013315,8.42E-05,3.60E-05,-9.95E-06,-5.25E-05,-9.08E-05,-0.0001245,-0.00015321,-0.00017697,-0.00013833,-0.00013222,-0.0053802
-94.451,42.638,-9.11E-05,-1.94E-05,5.03E-05,0.00011586,0.00017601,0.00022988,0.00027688,0.00031668,0.00034919,4.23E-05,3.73E-06,-0.0057464
-93.639,42.767,0.00019877,0.00027386,0.00034499,0.00041036,0.00046876,0.00051945,0.00056187,0.0005956,0.00062065,-1.64E-05,-3.01E-05,-0.00026513
-92.771,42.647,0.00055057,0.00055516,0.0005545,0.00054927,0.00053991,0.00052707,0.00051171,0.00049452,0.00047578,5.29E-05,-2.51E-06,-0.0083199
-81.333,35.142,0.0021281,0.001515,0.00090494,0.00031777,-0.00023217,-0.00073427,-0.0011805,-0.0015665,-0.001891,3.14E-05,7.92E-05,0.001177
-102.63,39.011,1.24E-05,1.05E-05,8.52E-06,6.56E-06,4.66E-06,2.93E-06,1.37E-06,-6.00E-08,-1.44E-06,0.00013629,0.0002133,0.0047221
-123.6,42.158,-0.0005009,-0.00029105,-8.38E-05,0.00011422,0.00029844,0.00046612,0.000615,0.00074292,0.00084825,0.00013315,8.42E-05,0.0069373
-122.3,42.218,0.0009799,0.0004781,-1.42E-05,-0.00048099,-0.00091139,-0.0012987,-0.0016386,-0.0019283,-0.0021663,-9.11E-05,-1.94E-05,0.0078931
-101.52,42.007,-0.00011116,-0.00015322,-0.00019285,-0.00022898,-0.00026066,-0.00028721,-0.00030844,-0.00032459,-0.00033612,0.00019877,0.00027386,0.0053283
-100.48,42.064,-8.64E-05,-9.22E-05,-9.72E-05,-0.00010158,-0.00010538,-0.00010859,-0.00011092,-0.00011221,-0.00011252,0.00055057,0.00055516,-0.0083538
-99.72,41.949,0.00011918,0.00010365,8.81E-05,7.31E-05,5.91E-05,4.64E-05,3.51E-05,2.52E-05,1.67E-05,0.0021281,0.001515,-0.01364
-98.839,42.176,4.40E-06,-8.36E-06,-2.06E-05,-3.19E-05,-4.21E-05,-5.13E-05,-5.93E-05,-6.60E-05,-7.13E-05,1.24E-05,1.05E-05,0.0052741
-98.008,42.005,-8.99E-06,-2.41E-05,-3.85E-05,-5.17E-05,-6.34E-05,-7.39E-05,-8.30E-05,-9.09E-05,-9.74E-05,-0.0005009,-0.00029105,-0.020508
-97.272,42.166,-9.97E-05,-7.26E-05,-4.56E-05,-1.95E-05,4.92E-06,2.72E-05,4.68E-05,6.33E-05,7.68E-05,0.0009799,0.0004781,-0.0017767
-96.376,41.967,0.00022273,0.00022046,0.00021664,0.00021164,0.00020571,0.00019914,0.00019222,0.00018519,0.00017829,-0.00011116,-0.00015322,-0.0034641
-95.545,42.112,-9.20E-05,-5.11E-05,-1.13E-05,2.61E-05,6.01E-05,9.02E-05,0.00011615,0.0001379,0.00015555,-8.64E-05,-9.22E-05,-0.0029495
-94.668,42.101,-0.0001399,-0.00017338,-0.00020435,-0.00023204,-0.000256,-0.000276,-0.00029185,-0.00030352,-0.00031122,0.00011918,0.00010365,0.003829
-93.755,42.125,4.63E-05,8.44E-05,0.00012059,0.00015385,0.00018376,0.00021009,0.00023253,0.0002507,0.0002644,4.40E-06,-8.36E-06,-0.0062876
-92.96,42.141,-6.57E-05,-0.00010023,-0.00013301,-0.00016336,-0.00019119,-0.00021616,-0.00023772,-0.00025575,-0.00027042,-8.99E-06,-2.41E-05,-0.0041448
-122.85,41.392,-9.05E-05,-0.00012456,-0.00015694,-0.00018643,-0.00021246,-0.00023497,-0.000254,-0.00026929,-0.0002804,-9.97E-05,-7.26E-05,0.00063157
-121.84,41.783,-0.00076959,-0.00087832,-0.00097594,-0.0010601,-0.0011295,-0.001184,-0.0012245,-0.001252,-0.0012673,0.00022273,0.00022046,-0.0018067
-101.37,41.396,5.81E-05,8.34E-06,-4.04E-05,-8.64E-05,-0.0001283,-0.00016531,-0.00019707,-0.00022361,-0.0002451,-9.20E-05,-5.11E-05,0.0011598
-100.69,41.444,5.54E-05,7.35E-05,9.04E-05,0.0001056,0.00011886,0.00013013,0.00013925,0.00014617,0.00015101,-0.0001399,-0.00017338,-0.0072754
-99.872,41.537,-6.21E-05,-7.28E-05,-8.27E-05,-9.18E-05,-9.99E-05,-0.00010675,-0.00011203,-0.00011565,-0.00011775,4.63E-05,8.44E-05,0.0039691
-98.977,41.344,-0.00012693,-0.00013154,-0.00013501,-0.00013742,-0.00013887,-0.00013944,-0.0001392,-0.00013822,-0.00013662,-6.57E-05,-0.00010023,-0.005012
-97.195,41.573,2.88E-05,3.24E-05,3.54E-05,3.78E-05,3.97E-05,4.12E-05,4.24E-05,4.33E-05,4.38E-05,-9.05E-05,-0.00012456,0.0039742
-96.583,41.502,-0.00013461,-0.00016033,-0.00018386,-0.00020464,-0.00022245,-0.00023726,-0.00024896,-0.00025733,-0.00026238,-0.00076959,-0.00087832,-0.0075224
-95.695,41.467,-0.00025393,-0.00027588,-0.00029455,-0.00030968,-0.00032125,-0.00032937,-0.0003341,-0.00033551,-0.00033389,5.81E-05,8.34E-06,-0.00046651
-94.802,41.454,-0.00012334,-0.00010536,-8.71E-05,-6.93E-05,-5.26E-05,-3.73E-05,-2.34E-05,-1.10E-05,-2.41E-07,5.54E-05,7.35E-05,0.0051953
-94.058,41.403,-8.66E-05,-6.70E-05,-4.69E-05,-2.71E-05,-8.38E-06,8.55E-06,2.32E-05,3.57E-05,4.62E-05,-6.21E-05,-7.28E-05,-0.0033164
-93.197,41.417,0.00014372,0.00017657,0.00020698,0.00023427,0.00025811,0.00027829,0.00029472,0.00030735,0.00031625,-0.00012693,-0.00013154,0.0021938
-79.665,41.508,2.45E-05,-0.0001521,-0.00032279,-0.00048232,-0.00062732,-0.00075565,-0.00086584,-0.00095726,-0.0010301,2.88E-05,3.24E-05,-0.0023842
-99.603,47.848,0.00029436,0.00031173,0.00032624,0.00033779,0.00034627,0.0003517,0.00035433,0.00035457,0.0003529,-0.00013461,-0.00016033,-0.00019513
-102.77,33.97,7.31E-05,6.99E-05,6.57E-05,6.10E-05,5.59E-05,5.04E-05,4.47E-05,3.93E-05,3.47E-05,-0.00025393,-0.00027588,0.0043731
-122.7,40.974,-0.00029144,-0.00032362,-0.0003522,-0.00037681,-0.00039691,-0.00041202,-0.00042206,-0.00042748,-0.00042906,-0.00012334,-0.00010536,0.0052817
-105.94,40.895,-0.00016497,-0.00018827,-0.00020926,-0.0002274,-0.00024247,-0.00025441,-0.0002632,-0.00026887,-0.00027163,-8.66E-05,-6.70E-05,-0.0011259
-101.54,40.687,0.00011055,0.00013918,0.00016563,0.00018925,0.00020978,0.00022727,0.0002418,0.00025338,0.00026186,0.00014372,0.00017657,0.0082154
-100.63,40.819,-2.90E-05,-2.84E-05,-2.75E-05,-2.64E-05,-2.53E-05,-2.46E-05,-2.43E-05,-2.42E-05,-2.41E-05,2.45E-05,-0.0001521,0.016724
-100.1,40.796,0.00012855,0.00011519,0.00010121,8.72E-05,7.36E-05,6.06E-05,4.84E-05,3.72E-05,2.70E-05,0.00029436,0.00031173,0.013966
-98.954,40.824,6.48E-05,6.51E-05,6.46E-05,6.31E-05,6.08E-05,5.82E-05,5.54E-05,5.26E-05,4.97E-05,7.31E-05,6.99E-05,-0.0026941
-98.296,40.764,-1.99E-05,-5.56E-05,-8.98E-05,-0.00012157,-0.00015033,-0.00017558,-0.00019691,-0.00021415,-0.00022745,-0.00029144,-0.00032362,-0.0049741
-97.451,40.738,-1.07E-05,-3.29E-05,-5.44E-05,-7.44E-05,-9.25E-05,-0.0001083,-0.00012189,-0.00013343,-0.00014314,-0.00016497,-0.00018827,-9.17E-06
-96.501,40.838,-1.32E-05,1.56E-06,1.61E-05,2.99E-05,4.25E-05,5.37E-05,6.32E-05,7.10E-05,7.72E-05,0.00011055,0.00013918,0.0077726
-95.642,40.861,-9.98E-05,-0.00010436,-0.00010783,-0.00011019,-0.00011151,-0.0001118,-0.00011103,-0.00010924,-0.00010664,-2.90E-05,-2.84E-05,-0.0013205
-94.96,40.816,8.65E-05,3.40E-05,-1.73E-05,-6.58E-05,-0.00011015,-0.00014966,-0.0001839,-0.00021252,-0.00023548,0.00012855,0.00011519,0.00061954
-94.21,40.758,0.00017292,0.00025046,0.00032385,0.0003911,0.00045085,0.00050234,0.00054513,0.00057905,0.00060431,6.48E-05,6.51E-05,0.010422
-93.235,40.793,0.00020757,0.00022908,0.00024806,0.00026406,0.00027692,0.00028678,0.000294,0.00029881,0.0003011,-1.99E-05,-5.56E-05,-0.01335
-92.502,40.878,-5.52E-05,-5.38E-05,-5.19E-05,-4.95E-05,-4.68E-05,-4.37E-05,-4.06E-05,-3.77E-05,-3.50E-05,-1.07E-05,-3.29E-05,0.0028231
-79.989,40.962,4.89E-05,9.49E-06,-2.94E-05,-6.70E-05,-0.00010272,-0.00013587,-0.00016567,-0.00019154,-0.00021294,-1.32E-05,1.56E-06,0.010304
-75.77,40.917,6.30E-05,-0.00012599,-0.00030887,-0.00047983,-0.00063506,-0.00077256,-0.00089111,-0.00098976,-0.0010679,-9.98E-05,-0.00010436,0.0071461
-122.79,40.177,0.0002109,0.00042501,0.00062944,0.00081778,0.00098516,0.0011292,0.0012497,0.0013477,0.0014239,8.65E-05,3.40E-05,0.00045403
-121.8,40.295,0.0001641,0.00015567,0.00014637,0.00013682,0.00012757,0.00011876,0.00011018,0.00010164,9.34E-05,0.00017292,0.00025046,0.0065798
-108.24,40.135,-0.00056874,-0.00058499,-0.0005956,-0.00060087,-0.00060148,-0.00059825,-0.00059176,-0.00058216,-0.00056972,0.00020757,0.00022908,0.0072068
-101.77,40.126,-2.21E-05,3.60E-05,9.22E-05,0.00014476,0.00019252,0.00023464,0.0002707,0.00030062,0.00032447,-5.52E-05,-5.38E-05,0.0012775
-100.8,40.125,-0.00010651,-7.52E-05,-4.38E-05,-1.34E-05,1.52E-05,4.11E-05,6.39E-05,8.35E-05,9.98E-05,4.89E-05,9.49E-06,0.029908
-100.06,40.179,-6.45E-05,-7.53E-05,-8.53E-05,-9.41E-05,-0.00010173,-0.00010806,-0.00011313,-0.00011704,-0.00011981,6.30E-05,-0.00012599,0.0088102
-99.326,40.152,1.14E-05,1.33E-05,1.50E-05,1.65E-05,1.76E-05,1.85E-05,1.94E-05,2.04E-05,2.13E-05,0.0002109,0.00042501,0.010201
-98.276,40.261,-1.10E-05,1.99E-05,5.04E-05,7.99E-05,0.00010768,0.00013332,0.00015618,0.00017571,0.00019167,0.0001641,0.00015567,-0.00034362
-97.585,40.075,8.97E-05,0.00011245,0.00013375,0.00015306,0.00017005,0.00018453,0.00019636,0.00020545,0.00021184,-0.00056874,-0.00058499,0.0028513
-96.694,40.183,-8.84E-05,-9.74E-05,-0.00010492,-0.00011092,-0.00011536,-0.00011842,-0.0001203,-0.00012111,-0.00012091,-2.21E-05,3.60E-05,0.00038692
-95.91,40.267,-9.40E-05,-7.38E-05,-5.33E-05,-3.33E-05,-1.42E-05,3.47E-06,1.96E-05,3.40E-05,4.65E-05,-0.00010651,-7.52E-05,-0.0016126
-94.965,40.132,-1.76E-05,-4.48E-05,-7.10E-05,-9.52E-05,-0.00011683,-0.00013548,-0.00015118,-0.0001641,-0.00017432,-6.45E-05,-7.53E-05,0.015309
-94.146,40.166,4.68E-05,4.60E-05,4.46E-05,4.27E-05,4.07E-05,3.86E-05,3.64E-05,3.42E-05,3.20E-05,1.14E-05,1.33E-05,0.0077451
-93.473,40.121,-8.66E-05,-7.16E-05,-5.68E-05,-4.28E-05,-3.02E-05,-1.90E-05,-9.19E-06,-5.16E-07,7.02E-06,-1.10E-05,1.99E-05,0.0040467
-92.544,40.254,0.00056771,0.00054489,0.00051775,0.00048756,0.00045543,0.00042251,0.00038986,0.00035806,0.00032743,8.97E-05,0.00011245,0.0040856
-91.874,40.121,5.35E-05,2.90E-05,4.79E-06,-1.83E-05,-4.01E-05,-6.06E-05,-7.91E-05,-9.49E-05,-0.00010764,-8.84E-05,-9.74E-05,0.004081
-78.566,40.268,-0.00039977,0.00015086,0.00068508,0.001187,0.0016454,0.0020526,0.0024033,0.0026954,0.0029301,-9.40E-05,-7.38E-05,0.0074918
-101.75,39.573,-0.00011524,-0.00010507,-9.43E-05,-8.34E-05,-7.26E-05,-6.21E-05,-5.21E-05,-4.29E-05,-3.48E-05,-1.76E-05,-4.48E-05,-0.0018795
-100.93,39.602,8.54E-05,8.48E-05,8.30E-05,8.01E-05,7.62E-05,7.17E-05,6.67E-05,6.20E-05,5.75E-05,4.68E-05,4.60E-05,0.003045
-100.25,39.544,0.00068763,0.00066692,0.0006459,0.00062458,0.00060314,0.00058201,0.0005619,0.0005436,0.00052793,-8.66E-05,-7.16E-05,-0.0051671
-99.378,39.521,7.02E-05,7.71E-05,8.31E-05,8.79E-05,9.16E-05,9.40E-05,9.51E-05,9.53E-05,9.50E-05,0.00056771,0.00054489,0.014463
-98.601,39.622,1.21E-05,-2.88E-05,-6.84E-05,-0.0001055,-0.00013937,-0.00016957,-0.00019583,-0.00021775,-0.00023502,5.35E-05,2.90E-05,-0.008448
-97.695,39.436,-0.00019332,-0.00024856,-0.0003,-0.00034641,-0.000387,-0.00042117,-0.00044856,-0.00046915,-0.00048332,-0.00039977,0.00015086,-0.011835
-96.827,39.547,-6.79E-06,-1.36E-06,3.71E-06,8.26E-06,1.23E-05,1.59E-05,1.93E-05,2.24E-05,2.51E-05,-0.00011524,-0.00010507,-0.0047571
-96.019,39.529,1.31E-05,7.07E-05,0.00012598,0.00017728,0.00022345,0.00026389,0.0002983,0.0003266,0.00034879,8.54E-05,8.48E-05,0.0058094
-95.206,39.62,-2.18E-05,-2.88E-05,-3.54E-05,-4.13E-05,-4.67E-05,-5.16E-05,-5.59E-05,-5.97E-05,-6.28E-05,0.00068763,0.00066692,-0.002618
-94.349,39.588,-0.00019542,-0.00021042,-0.00022292,-0.0002328,-0.00024023,-0.0002455,-0.00024883,-0.00025027,-0.00024994,7.02E-05,7.71E-05,0.0020656
-93.532,39.625,0.00027295,0.00017515,7.83E-05,-1.43E-05,-0.00010033,-0.00017833,-0.00024735,-0.0003068,-0.00035637,1.21E-05,-2.88E-05,-0.015147
-92.755,39.488,-0.00021324,-0.00017299,-0.00013238,-9.28E-05,-5.52E-05,-2.02E-05,1.14E-05,3.94E-05,6.36E-05,-0.00019332,-0.00024856,-0.012586
-92.048,39.53,-0.00029352,-0.00035602,-0.00041357,-0.00046481,-0.00050899,-0.00054581,-0.00057513,-0.00059696,-0.00061156,-6.79E-06,-1.36E-06,0.0032169
-105.15,38.964,-6.93E-05,-0.00010172,-0.00013173,-0.00015828,-0.00018107,-0.00020036,-0.00021652,-0.00022975,-0.00024,1.31E-05,7.07E-05,0.00048514
-101.83,39.062,4.19E-05,5.77E-05,7.25E-05,8.60E-05,9.79E-05,0.00010799,0.00011623,0.00012273,0.00012767,-2.18E-05,-2.88E-05,0.00042553
-100.98,38.891,-1.75E-05,1.52E-05,4.68E-05,7.62E-05,0.0001029,0.00012644,0.00014666,0.00016353,0.00017712,-0.00019542,-0.00021042,0.0012885
-100.22,38.977,-9.07E-05,-5.62E-05,-2.21E-05,1.07E-05,4.12E-05,6.90E-05,9.37E-05,0.00011499,0.00013271,0.00027295,0.00017515,-0.0018932
-99.395,39.005,-1.77E-05,-6.72E-06,3.91E-06,1.38E-05,2.28E-05,3.07E-05,3.73E-05,4.29E-05,4.73E-05,-0.00021324,-0.00017299,-0.0062242
-98.56,38.991,-0.00016926,-0.00014158,-0.00011343,-8.60E-05,-6.02E-05,-3.64E-05,-1.49E-05,4.06E-06,2.05E-05,-0.00029352,-0.00035602,0.0059415
-97.833,38.998,-0.00039689,-0.00032792,-0.00025753,-0.00018824,-0.00012189,-5.99E-05,-3.31E-06,4.69E-05,9.03E-05,-6.93E-05,-0.00010172,0.0033996
-96.941,38.921,-1.56E-05,-4.10E-05,-6.55E-05,-8.83E-05,-0.0001089,-0.00012708,-0.00014262,-0.00015535,-0.00016513,4.19E-05,5.77E-05,0.0085649
-96.037,38.859,4.70E-05,-3.17E-05,-0.00010822,-0.00018032,-0.00024623,-0.0003048,-0.00035535,-0.00039758,-0.00043155,-1.75E-05,1.52E-05,-0.0014453
-95.461,38.961,-2.35E-05,-3.28E-05,-4.17E-05,-5.00E-05,-5.73E-05,-6.37E-05,-6.91E-05,-7.35E-05,-7.70E-05,-9.07E-05,-5.62E-05,-0.0010426
-94.452,38.876,-2.38E-06,2.26E-05,4.67E-05,6.91E-05,8.94E-05,0.00010721,0.00012236,0.00013495,0.00014515,-1.77E-05,-6.72E-06,-0.0038159
-93.618,38.961,5.55E-05,2.66E-05,-1.74E-06,-2.85E-05,-5.31E-05,-7.50E-05,-9.42E-05,-0.0001105,-0.00012363,-0.00016926,-0.00014158,0.0092113
-92.976,39.045,-0.00010613,-0.00016532,-0.00022138,-0.00027272,-0.00031819,-0.00035723,-0.00038976,-0.00041589,-0.0004358,-0.00039689,-0.00032792,-0.0080048
-92.075,38.995,-0.00020976,-0.00021001,-0.00020821,-0.00020468,-0.00019972,-0.00019359,-0.00018659,-0.00017902,-0.00017117,-1.56E-05,-4.10E-05,-0.0040863
-115.59,38.349,-0.00022176,-0.00021868,-0.00021379,-0.00020742,-0.00019964,-0.00019062,-0.00018081,-0.00017094,-0.00016169,4.70E-05,-3.17E-05,-0.0020427
-101.81,38.342,6.30E-05,6.23E-05,6.12E-05,5.96E-05,5.77E-05,5.53E-05,5.25E-05,4.95E-05,4.65E-05,-2.35E-05,-3.28E-05,0.0057681
-101.14,38.424,-3.49E-06,-5.70E-05,-0.00010851,-0.00015652,-0.00019984,-0.00023778,-0.00027004,-0.00029658,-0.00031759,-2.38E-06,2.26E-05,0.001589
-100.28,38.284,-3.83E-05,-3.80E-05,-3.73E-05,-3.63E-05,-3.49E-05,-3.33E-05,-3.14E-05,-2.97E-05,-2.82E-05,5.55E-05,2.66E-05,0.0025447
-99.527,38.289,0.00015417,0.00016217,0.00016844,0.00017307,0.00017612,0.00017758,0.00017743,0.00017588,0.00017328,-0.00010613,-0.00016532,-0.0037115
-98.711,38.422,6.24E-05,2.49E-05,-1.18E-05,-4.65E-05,-7.84E-05,-0.00010679,-0.00013161,-0.00015274,-0.00017007,-0.00020976,-0.00021001,-0.0011245
-97.984,38.308,-5.07E-05,-0.00010461,-0.00015592,-0.00020314,-0.00024516,-0.00028147,-0.00031199,-0.00033689,-0.00035632,-0.00022176,-0.00021868,0.0065774
-97.247,38.301,9.34E-06,4.95E-05,8.80E-05,0.00012388,0.00015622,0.00018461,0.00020878,0.00022864,0.00024422,6.30E-05,6.23E-05,0.010545
-96.199,38.323,-2.51E-05,-3.04E-05,-3.52E-05,-3.96E-05,-4.35E-05,-4.68E-05,-4.96E-05,-5.19E-05,-5.37E-05,-3.49E-06,-5.70E-05,0.0020044
-95.504,38.324,0.00023271,0.00022904,0.00022302,0.00021505,0.00020564,0.0001953,0.00018458,0.00017396,0.00016379,-3.83E-05,-3.80E-05,0.0078208
-94.829,38.313,0.00013489,0.00015568,0.00017445,0.00019078,0.00020455,0.00021575,0.00022438,0.00023053,0.00023438,0.00015417,0.00016217,0.0004264
-93.906,38.187,8.80E-05,4.38E-05,4.78E-07,-4.07E-05,-7.86E-05,-0.00011273,-0.0001425,-0.00016773,-0.00018848,6.24E-05,2.49E-05,0.00096346
-93.038,38.314,-1.37E-05,1.22E-06,1.57E-05,2.93E-05,4.17E-05,5.27E-05,6.22E-05,7.02E-05,7.66E-05,-5.07E-05,-0.00010461,0.0016884
-92.268,38.291,0.00010461,8.62E-05,6.75E-05,4.92E-05,3.21E-05,1.64E-05,2.31E-06,-1.00E-05,-2.05E-05,9.34E-06,4.95E-05,-0.0056386
-106.83,37.746,4.64E-05,-3.81E-05,-0.00012015,-0.00019729,-0.00026762,-0.00032996,-0.00038366,-0.00042839,-0.00046418,-2.51E-05,-3.04E-05,-0.0050247
-101.9,37.59,-1.21E-05,-2.26E-05,-3.25E-05,-4.15E-05,-4.93E-05,-5.59E-05,-6.15E-05,-6.63E-05,-7.01E-05,0.00023271,0.00022904,0.00048864
-101.12,37.62,-4.62E-05,-4.50E-05,-4.34E-05,-4.14E-05,-3.93E-05,-3.71E-05,-3.49E-05,-3.31E-05,-3.16E-05,0.00013489,0.00015568,0.0049814
-100.46,37.64,5.89E-05,4.18E-05,2.50E-05,8.92E-06,-5.91E-06,-1.93E-05,-3.11E-05,-4.12E-05,-4.97E-05,8.80E-05,4.38E-05,0.0066365
-98.936,37.7,-5.30E-05,-1.86E-05,1.48E-05,4.58E-05,7.36E-05,9.79E-05,0.00011862,0.00013595,0.00015003,-1.37E-05,1.22E-06,0.0053011
-98.002,37.594,-3.46E-05,-5.43E-05,-7.28E-05,-8.96E-05,-0.00010435,-0.00011675,-0.00012671,-0.00013427,-0.00013974,0.00010461,8.62E-05,-0.00098272
-97.111,37.701,-0.00016568,-0.00016734,-0.00016772,-0.00016693,-0.00016511,-0.0001624,-0.00015896,-0.00015491,-0.00015034,4.64E-05,-3.81E-05,0.00027823
-96.319,37.682,-3.56E-05,-1.61E-05,3.24E-06,2.16E-05,3.87E-05,5.41E-05,6.76E-05,7.91E-05,8.86E-05,-1.21E-05,-2.26E-05,0.0016689
-95.592,37.724,-0.00013681,-0.00016797,-0.00019692,-0.00022285,-0.00024516,-0.00026357,-0.00027812,-0.00028909,-0.0002968,-4.62E-05,-4.50E-05,-0.0085703
-94.828,37.76,-2.43E-05,3.66E-05,9.57E-05,0.00015122,0.00020183,0.0002467,0.00028533,0.00031755,0.00034354,5.89E-05,4.18E-05,9.99E-06
-93.908,37.63,-0.00011474,-0.00013598,-0.00015538,-0.00017254,-0.00018727,-0.00019956,-0.00020934,-0.00021647,-0.00022101,-5.30E-05,-1.86E-05,-0.002474
-93.323,37.691,-0.00017022,-0.00016239,-0.00015327,-0.0001434,-0.00013333,-0.00012334,-0.00011345,-0.00010375,-9.45E-05,-3.46E-05,-5.43E-05,-0.0031111
-92.501,37.599,-1.95E-05,-0.00011066,-0.0001984,-0.00028019,-0.00035443,-0.00042011,-0.00047654,-0.00052325,-0.00056015,-0.00016568,-0.00016734,-0.00080283
-87.097,40.379,7.68E-05,0.00021719,0.0003514,0.0004757,0.00058756,0.00068557,0.00076913,0.00083778,0.00089124,-3.56E-05,-1.61E-05,0.0053691
-92.804,45.225,-0.00021058,-0.0001095,-9.38E-06,8.67E-05,0.00017622,0.00025723,0.00032848,0.00038959,0.0004405,-0.00013681,-0.00016797,-0.0075024
-98.956,44.443,3.63E-05,4.55E-05,5.41E-05,6.21E-05,6.91E-05,7.51E-05,7.97E-05,8.30E-05,8.51E-05,-2.43E-05,3.66E-05,-0.0090659
-104.41,37.139,4.25E-05,-4.96E-05,-0.00013892,-0.00022248,-0.00029819,-0.0003648,-0.00042186,-0.00046941,-0.00050764,-0.00011474,-0.00013598,-0.002282
-101.29,37.157,-0.00011492,-0.00012527,-0.00013395,-0.00014086,-0.00014607,-0.00014974,-0.00015203,-0.00015312,-0.00015309,-0.00017022,-0.00016239,-0.0042406
-100.53,37.053,-0.00017337,-0.00016566,-0.00015628,-0.00014577,-0.00013473,-0.00012362,-0.00011278,-0.00010249,-9.30E-05,-1.95E-05,-0.00011066,0.0058829
-99.677,37.098,-5.27E-05,-3.44E-05,-1.63E-05,7.92E-07,1.64E-05,3.03E-05,4.26E-05,5.33E-05,6.24E-05,7.68E-05,0.00021719,-2.50E-05
-98.925,37.18,-2.31E-05,5.68E-06,3.35E-05,5.96E-05,8.32E-05,0.00010399,0.00012171,0.00013636,0.00014809,-0.00021058,-0.0001095,0.002132
-98.244,37.082,0.00010603,7.33E-05,4.09E-05,9.73E-06,-1.89E-05,-4.40E-05,-6.54E-05,-8.32E-05,-9.77E-05,3.63E-05,4.55E-05,-0.0029525
-97.188,37.022,9.06E-05,7.98E-05,6.84E-05,5.68E-05,4.56E-05,3.51E-05,2.53E-05,1.62E-05,7.67E-06,4.25E-05,-4.96E-05,0.0060677
-96.512,36.916,0.00012545,9.34E-05,6.16E-05,3.13E-05,2.97E-06,-2.31E-05,-4.68E-05,-6.77E-05,-8.54E-05,-0.00011492,-0.00012527,0.0018339
-95.879,37.06,4.09E-05,-1.95E-05,-7.84E-05,-0.00013373,-0.0001844,-0.0002296,-0.00026885,-0.00030178,-0.00032817,-0.00017337,-0.00016566,-0.0010805
-94.918,37.123,-2.74E-05,-5.67E-06,1.58E-05,3.64E-05,5.55E-05,7.25E-05,8.72E-05,9.94E-05,0.00010928,-5.27E-05,-3.44E-05,0.0033105
-94.293,37.035,0.0002399,0.00026449,0.00028624,0.00030485,0.00032016,0.00033201,0.00034039,0.00034554,0.00034788,-2.31E-05,5.68E-06,-0.00097746
-93.377,37.024,0.0001797,0.00022045,0.0002583,0.00029219,0.00032152,0.00034616,0.00036626,0.00038188,0.00039298,0.00010603,7.33E-05,-0.018005
-92.519,37.15,6.98E-05,0.00013499,0.00019746,0.00025559,0.00030827,0.00035471,0.00039429,0.00042659,0.00045154,9.06E-05,7.98E-05,0.0033701
-83.59,31.439,-0.00019063,0.0002937,0.00076386,0.001206,0.0016102,0.0019694,0.002279,0.0025373,0.0027447,0.00012545,9.34E-05,0.0023296
-116.45,33.606,-0.00024102,-0.0002094,-0.00017726,-0.000146,-0.00011632,-8.83E-05,-6.19E-05,-3.71E-05,-1.47E-05,4.09E-05,-1.95E-05,0.0036607
-95.792,35.91,-3.42E-05,1.55E-05,6.37E-05,0.0001091,0.00015046,0.00018704,0.00021837,0.00024433,0.00026514,-2.74E-05,-5.67E-06,-0.0019913
-101.27,36.452,0.00013719,8.47E-05,3.29E-05,-1.64E-05,-6.19E-05,-0.00010291,-0.00013876,-0.00016915,-0.00019405,0.0002399,0.00026449,-0.0062949
-100.65,36.53,1.94E-05,5.45E-05,8.79E-05,0.00011867,0.00014648,0.00017118,0.00019257,0.00021043,0.00022468,0.0001797,0.00022045,-0.0039651
-99.851,36.37,0.00021411,0.00027597,0.00033367,0.00038549,0.00043036,0.00046807,0.00049883,0.00052279,0.00054005,6.98E-05,0.00013499,0.0018869
-99.001,36.38,-0.00011238,-0.00013082,-0.0001474,-0.00016154,-0.00017293,-0.00018173,-0.0001883,-0.00019277,-0.00019511,-0.00019063,0.0002937,-0.0028419
-98.114,36.433,-4.12E-05,-5.55E-05,-6.92E-05,-8.17E-05,-9.26E-05,-0.0001019,-0.00010967,-0.00011614,-0.00012142,-0.00024102,-0.0002094,-0.011171
-97.535,36.437,0.00012696,0.00010222,7.71E-05,5.25E-05,2.95E-05,8.48E-06,-1.05E-05,-2.74E-05,-4.21E-05,-3.42E-05,1.55E-05,0.0023788
-96.732,36.371,-2.13E-05,-8.62E-05,-0.00014857,-0.00020645,-0.00025845,-0.00030385,-0.00034243,-0.00037413,-0.00039903,0.00013719,8.47E-05,-0.00077857
-95.733,36.393,-9.02E-05,-0.00011511,-0.00013808,-0.0001585,-0.00017609,-0.00019084,-0.00020288,-0.00021235,-0.00021929,1.94E-05,5.45E-05,0.0065128
-95.116,36.406,3.13E-05,3.31E-05,3.50E-05,3.70E-05,3.89E-05,4.00E-05,4.01E-05,3.93E-05,3.79E-05,0.00021411,0.00027597,-0.0063602
-94.386,36.439,-1.15E-05,1.18E-06,1.35E-05,2.51E-05,3.58E-05,4.54E-05,5.38E-05,6.09E-05,6.69E-05,-0.00011238,-0.00013082,0.0021868
-93.481,36.382,-8.49E-05,-4.00E-05,4.14E-06,4.61E-05,8.48E-05,0.00011936,0.00014954,0.00017511,0.00019608,-4.12E-05,-5.55E-05,0.0060815
-92.853,36.356,8.43E-05,0.00010501,0.00012456,0.00014225,0.00015749,0.0001701,0.00018027,0.00018819,0.00019385,0.00012696,0.00010222,0.0069005
-99.044,35.72,-0.00053362,-0.00047778,-0.00041916,-0.00036005,-0.00030212,-0.00024638,-0.00019345,-0.00014391,-9.85E-05,-2.13E-05,-8.62E-05,0.004141
-98.286,35.821,8.60E-05,0.00016708,0.00024437,0.00031543,0.00037865,0.00043333,0.00047938,0.00051692,0.00054612,-9.02E-05,-0.00011511,0.0033935
-97.518,35.834,-3.23E-05,6.98E-06,4.50E-05,8.05E-05,0.00011278,0.00014166,0.0001669,0.00018818,0.00020534,3.13E-05,3.31E-05,0.0091507
-96.838,35.763,0.00010346,9.65E-05,8.88E-05,8.10E-05,7.32E-05,6.59E-05,5.92E-05,5.32E-05,4.79E-05,-1.15E-05,1.18E-06,-0.001123
-95.942,35.786,-0.00019835,-0.00017209,-0.00014538,-0.00011927,-9.44E-05,-7.12E-05,-4.97E-05,-3.01E-05,-1.28E-05,-8.49E-05,-4.00E-05,-0.0024973
-95.141,35.883,0.00019566,0.00018835,0.00017948,0.00016946,0.00015867,0.00014761,0.00013678,0.00012658,0.00011713,8.43E-05,0.00010501,-0.0015942
-94.408,35.863,2.41E-06,4.65E-05,8.93E-05,0.00012962,0.00016657,0.0001995,0.00022782,0.00025117,0.00026957,-0.00053362,-0.00047778,0.0072888
-93.645,35.839,-0.00015269,-0.00025911,-0.00036058,-0.00045411,-0.00053763,-0.00061022,-0.00067168,-0.0007219,-0.00076072,8.60E-05,0.00016708,0.0086474
-92.823,35.804,-2.27E-05,-8.27E-05,-0.00014017,-0.00019341,-0.00024107,-0.00028251,-0.00031762,-0.00034647,-0.00036917,-3.23E-05,6.98E-06,0.0018963
-109.74,35.118,6.18E-06,-2.91E-05,-6.34E-05,-9.59E-05,-0.00012559,-0.00015174,-0.00017391,-0.00019204,-0.00020634,0.00010346,9.65E-05,0.0027838
-99.246,35.124,-0.00014775,-0.00017843,-0.00020665,-0.00023164,-0.00025288,-0.00027009,-0.00028329,-0.00029269,-0.00029872,-0.00019835,-0.00017209,0.0024003
-98.469,35.152,6.26E-05,-7.07E-06,-7.47E-05,-0.00013799,-0.00019546,-0.00024646,-0.0002908,-0.00032811,-0.00035793,0.00019566,0.00018835,0.00071382
-97.773,35.235,-0.00054851,-0.00052162,-0.00049092,-0.0004579,-0.00042377,-0.00038965,-0.00035663,-0.00032548,-0.00029656,2.41E-06,4.65E-05,-0.00083764
-96.874,35.153,0.0003568,0.00037248,0.00038444,0.0003927,0.00039733,0.00039858,0.00039685,0.0003927,0.00038665,-0.00015269,-0.00025911,0.0085274
-96.226,35.139,-0.00013673,-0.00020643,-0.00027267,-0.00033375,-0.00038851,-0.00043622,-0.00047651,-0.00050921,-0.00053429,-2.27E-05,-8.27E-05,-0.0079372
-95.432,35.139,0.00021247,0.0002226,0.00023039,0.0002358,0.00023899,0.00024027,0.00023987,0.00023792,0.00023451,6.18E-06,-2.91E-05,-0.0061172
-94.518,35.07,0.00016013,4.60E-05,-6.58E-05,-0.00017156,-0.0002689,-0.00035614,-0.00043219,-0.0004963,-0.00054821,-0.00014775,-0.00017843,-1.17E-05
-93.784,35.196,-0.00054328,-0.00054124,-0.00053476,-0.00052479,-0.00051222,-0.0004976,-0.00048115,-0.000463,-0.00044363,6.26E-05,-7.07E-06,-0.0058471
-93.069,35.192,-0.00020985,-0.00028802,-0.00036128,-0.00042757,-0.00048533,-0.00053376,-0.00057283,-0.00060294,-0.0006247,-0.00054851,-0.00052162,0.0049721
-97.456,31.991,0.00013796,0.00012017,0.0001019,8.39E-05,6.67E-05,5.08E-05,3.65E-05,2.38E-05,1.30E-05,0.0003568,0.00037248,-0.0010703
-99.285,34.421,-0.0002337,-0.00022306,-0.00021076,-0.00019742,-0.00018361,-0.00016981,-0.00015638,-0.00014347,-0.00013119,-0.00013673,-0.00020643,-0.0027546
-98.501,34.541,2.18E-05,2.01E-05,1.86E-05,1.74E-05,1.63E-05,1.52E-05,1.41E-05,1.30E-05,1.19E-05,0.00021247,0.0002226,0.0052251
-97.833,34.601,-0.00013368,-0.00015061,-0.00016521,-0.00017718,-0.00018654,-0.0001936,-0.00019873,-0.00020219,-0.00020417,0.00016013,4.60E-05,0.0028879
-96.973,34.4,-9.37E-05,-7.73E-05,-6.08E-05,-4.50E-05,-3.05E-05,-1.74E-05,-5.61E-06,4.88E-06,1.39E-05,-0.00054328,-0.00054124,-0.0045487
-96.352,34.57,-0.00056314,-0.00067765,-0.0007831,-0.00087698,-0.00095769,-0.0010246,-0.0010778,-0.0011175,-0.0011441,-0.00020985,-0.00028802,-0.0042248
-95.371,34.589,9.13E-05,9.24E-05,9.26E-05,9.20E-05,9.09E-05,8.93E-05,8.70E-05,8.40E-05,8.06E-05,0.00013796,0.00012017,-7.22E-05
-94.829,34.669,0.00028649,0.00022137,0.00015593,9.25E-05,3.27E-05,-2.21E-05,-7.12E-05,-0.00011406,-0.00015057,-0.0002337,-0.00022306,0.0042339
-94.114,34.511,-4.35E-05,-5.81E-05,-7.17E-05,-8.40E-05,-9.49E-05,-0.00010414,-0.00011166,-0.00011736,-0.00012132,2.18E-05,2.01E-05,0.0026873
-92.834,34.487,-3.96E-05,-5.18E-05,-6.32E-05,-7.36E-05,-8.31E-05,-9.15E-05,-9.88E-05,-0.00010468,-0.00010891,-0.00013368,-0.00015061,-0.0057813
-114.52,33.75,0.00036844,0.00038571,0.00039945,0.00040972,0.00041634,0.00041907,0.00041798,0.0004136,0.00040687,-9.37E-05,-7.73E-05,-0.00049352
-106.92,34.074,-0.00011366,-0.0001342,-0.00015328,-0.00017045,-0.00018528,-0.00019744,-0.00020681,-0.00021355,-0.00021804,-0.00056314,-0.00067765,-0.012587
-98.626,34.008,-0.00011176,-9.90E-05,-8.54E-05,-7.15E-05,-5.78E-05,-4.46E-05,-3.21E-05,-2.05E-05,-1.03E-05,9.13E-05,9.24E-05,-0.0027966
-97.757,33.957,8.77E-05,0.00013556,0.00018111,0.00022311,0.00026056,0.00029287,0.00031985,0.00034165,0.00035847,0.00028649,0.00022137,-0.0044305
-97.037,33.906,5.11E-05,7.24E-05,9.25E-05,0.0001112,0.00012803,0.00014257,0.00015426,0.0001629,0.00016881,-4.35E-05,-5.81E-05,-0.00051617
-96.285,33.9,0.0001489,0.00026989,0.00038574,0.00049303,0.00058933,0.00067314,0.00074369,0.00080084,0.0008449,-3.96E-05,-5.18E-05,0.0051967
-95.621,33.979,-4.61E-05,-6.20E-05,-7.67E-05,-8.97E-05,-0.00010065,-0.00010942,-0.00011612,-0.00012104,-0.00012456,0.00036844,0.00038571,-0.002157
-94.731,33.928,0.00012946,0.00015256,0.0001737,0.00019248,0.00020876,0.00022241,0.00023317,0.00024093,0.00024592,-0.00011366,-0.0001342,-0.0017466
-94.094,33.938,-0.00014205,-9.97E-05,-5.77E-05,-1.76E-05,1.95E-05,5.29E-05,8.22E-05,0.00010728,0.00012827,-0.00011176,-9.90E-05,-0.0030403
-93.28,34.012,-0.00015641,-0.00011793,-7.97E-05,-4.31E-05,-9.07E-06,2.20E-05,5.00E-05,7.47E-05,9.60E-05,8.77E-05,0.00013556,-0.0040854
-98.765,33.286,2.49E-05,0.00012669,0.00022466,0.00031591,0.00039849,0.00047124,0.00053339,0.0005845,0.00062452,5.11E-05,7.24E-05,0.0061647
-97.916,33.371,6.38E-05,2.92E-05,-4.80E-06,-3.71E-05,-6.69E-05,-9.37E-05,-0.00011713,-0.00013713,-0.00015372,0.0001489,0.00026989,-0.0034949
-97.253,33.331,4.66E-05,5.63E-05,6.52E-05,7.30E-05,7.96E-05,8.50E-05,8.92E-05,9.25E-05,9.49E-05,-4.61E-05,-6.20E-05,-0.0097321
-96.434,33.27,2.95E-05,9.26E-05,0.00015284,0.00020811,0.00025727,0.00030009,0.00033694,0.00036801,0.0003929,0.00012946,0.00015256,0.0025099
-95.623,33.198,7.96E-05,1.60E-05,-4.63E-05,-0.00010555,-0.00016,-0.0002085,-0.00025031,-0.00028537,-0.000314,-0.00014205,-9.97E-05,-0.0028317
-94.985,33.26,5.13E-05,1.60E-05,-1.89E-05,-5.23E-05,-8.28E-05,-0.00010981,-0.0001329,-0.00015223,-0.00016792,-0.00015641,-0.00011793,-0.0011608
-94.182,33.242,0.00015648,5.61E-05,-4.21E-05,-0.00013491,-0.00022036,-0.0002971,-0.00036418,-0.00042099,-0.00046746,2.49E-05,0.00012669,-0.0060693
-93.4,33.258,0.00028225,0.00027992,0.00027521,0.00026864,0.00026061,0.0002515,0.00024157,0.00023095,0.00021985,6.38E-05,2.92E-05,-0.0028574
-92.803,33.258,-2.35E-05,-3.65E-05,-4.89E-05,-6.04E-05,-7.06E-05,-7.92E-05,-8.62E-05,-9.17E-05,-9.59E-05,4.66E-05,5.63E-05,-0.0012579
